,0
0,002036.SZ
1,000564.SZ
2,603369.SH
3,002366.SZ
4,600730.SH
5,300530.SZ
6,600056.SH
7,002285.SZ
8,002830.SZ
9,000423.SZ
10,002651.SZ
11,603968.SH
12,300534.SZ
13,600177.SH
14,601700.SH
15,601555.SH
16,002215.SZ
17,600118.SH
18,600735.SH
19,002242.SZ
20,002761.SZ
21,002909.SZ
22,000090.SZ
23,300563.SZ
24,600182.SH
25,300318.SZ
26,300652.SZ
27,300206.SZ
28,600189.SH
29,600822.SH
30,002601.SZ
31,603677.SH
32,002125.SZ
33,300409.SZ
34,300656.SZ
35,002474.SZ
36,601208.SH
37,600704.SH
38,600717.SH
39,300042.SZ
40,002757.SZ
41,002614.SZ
42,002131.SZ
43,300019.SZ
44,603185.SH
45,300499.SZ
46,601999.SH
47,000828.SZ
48,002046.SZ
49,603936.SH
50,300727.SZ
51,603011.SH
52,300055.SZ
53,600026.SH
54,600726.SH
55,600588.SH
56,002613.SZ
57,002252.SZ
58,002170.SZ
59,002189.SZ
60,002397.SZ
61,300612.SZ
62,600728.SH
63,603380.SH
64,300397.SZ
65,000952.SZ
66,600775.SH
67,600439.SH
68,002370.SZ
69,300419.SZ
70,002226.SZ
71,002756.SZ
72,601009.SH
73,300239.SZ
74,600079.SH
75,300342.SZ
76,300752.SZ
77,600981.SH
78,002786.SZ
79,002037.SZ
80,002671.SZ
81,300413.SZ
82,300484.SZ
83,002233.SZ
84,300229.SZ
85,300266.SZ
86,600997.SH
87,300506.SZ
88,300137.SZ
89,601577.SH
90,002806.SZ
91,300258.SZ
92,603002.SH
93,600809.SH
94,600618.SH
95,002277.SZ
96,002942.SZ
97,600468.SH
98,000702.SZ
99,002795.SZ
100,300022.SZ
101,300163.SZ
102,600409.SH
103,300304.SZ
104,601599.SH
105,002927.SZ
106,000666.SZ
107,000726.SZ
108,002738.SZ
109,600061.SH
110,600246.SH
111,002168.SZ
112,000416.SZ
113,600128.SH
114,601900.SH
115,603026.SH
116,300182.SZ
117,603233.SH
118,000886.SZ
119,600855.SH
120,002801.SZ
121,603726.SH
122,000863.SZ
123,600393.SH
124,601799.SH
125,603038.SH
126,603286.SH
127,002084.SZ
128,300694.SZ
129,601777.SH
130,000949.SZ
131,000401.SZ
132,603717.SH
133,300632.SZ
134,002225.SZ
135,600744.SH
136,000925.SZ
137,601088.SH
138,002781.SZ
139,300080.SZ
140,600883.SH
141,300249.SZ
142,002922.SZ
143,300213.SZ
144,300527.SZ
145,601038.SH
146,000157.SZ
147,000502.SZ
148,300408.SZ
149,600389.SH
150,600810.SH
151,002435.SZ
152,601908.SH
153,300315.SZ
154,300507.SZ
155,300398.SZ
156,002434.SZ
157,000835.SZ
158,600688.SH
159,600278.SH
160,600529.SH
161,601588.SH
162,000616.SZ
163,000825.SZ
164,002539.SZ
165,000559.SZ
166,300228.SZ
167,002297.SZ
168,002105.SZ
169,300068.SZ
170,603003.SH
171,300379.SZ
172,601069.SH
173,300300.SZ
174,603579.SH
175,002293.SZ
176,002280.SZ
177,002505.SZ
178,600657.SH
179,600926.SH
180,300298.SZ
181,601117.SH
182,000544.SZ
183,002740.SZ
184,300489.SZ
185,600133.SH
186,600135.SH
187,002572.SZ
188,600243.SH
189,002030.SZ
190,300321.SZ
191,002910.SZ
192,300650.SZ
193,603727.SH
194,603890.SH
195,002778.SZ
196,000418.SZ
197,600235.SH
198,000833.SZ
199,000680.SZ
200,002403.SZ
201,002893.SZ
202,002939.SZ
203,300391.SZ
204,600571.SH
205,002495.SZ
206,600222.SH
207,600475.SH
208,300587.SZ
209,600836.SH
210,000591.SZ
211,000530.SZ
212,600528.SH
213,000790.SZ
214,601518.SH
215,300234.SZ
216,603189.SH
217,002284.SZ
218,002385.SZ
219,300616.SZ
220,600018.SH
221,002737.SZ
222,002826.SZ
223,002882.SZ
224,600317.SH
225,600078.SH
226,300716.SZ
227,603081.SH
228,603168.SH
229,600858.SH
230,601958.SH
231,300251.SZ
232,002357.SZ
233,002687.SZ
234,300348.SZ
235,600479.SH
236,600963.SH
237,002344.SZ
238,300645.SZ
239,000032.SZ
240,300122.SZ
241,600020.SH
242,002081.SZ
243,300477.SZ
244,603908.SH
245,300078.SZ
246,603599.SH
247,002538.SZ
248,600543.SH
249,603970.SH
250,002581.SZ
251,300746.SZ
252,002085.SZ
253,300275.SZ
254,002043.SZ
255,300256.SZ
256,600097.SH
257,002643.SZ
258,603806.SH
259,600527.SH
260,002101.SZ
261,600491.SH
262,603666.SH
263,603013.SH
264,603557.SH
265,600088.SH
266,002869.SZ
267,603916.SH
268,600566.SH
269,300675.SZ
270,603197.SH
271,002776.SZ
272,300346.SZ
273,002550.SZ
274,600231.SH
275,300422.SZ
276,300473.SZ
277,000768.SZ
278,300259.SZ
279,300382.SZ
280,002766.SZ
281,603669.SH
282,603738.SH
283,000685.SZ
284,600647.SH
285,300188.SZ
286,603198.SH
287,002151.SZ
288,600356.SH
289,002028.SZ
290,002850.SZ
291,601015.SH
292,603260.SH
293,600695.SH
294,600820.SH
295,600313.SH
296,603096.SH
297,300203.SZ
298,603378.SH
299,002619.SZ
300,002827.SZ
301,601818.SH
302,603800.SH
303,000810.SZ
304,603998.SH
305,603308.SH
306,603339.SH
307,300343.SZ
308,300077.SZ
309,600729.SH
310,002560.SZ
311,002429.SZ
312,002605.SZ
313,002862.SZ
314,600326.SH
315,000667.SZ
316,002648.SZ
317,300453.SZ
318,002209.SZ
319,002688.SZ
320,300415.SZ
321,300023.SZ
322,300619.SZ
323,600577.SH
324,600068.SH
325,600635.SH
326,300172.SZ
327,002196.SZ
328,600531.SH
329,603612.SH
330,002228.SZ
331,600873.SH
332,000909.SZ
333,300737.SZ
334,600879.SH
335,002677.SZ
336,000551.SZ
337,002376.SZ
338,002553.SZ
339,600712.SH
340,603399.SH
341,000973.SZ
342,002302.SZ
343,603022.SH
344,600576.SH
345,600082.SH
346,300515.SZ
347,600197.SH
348,002064.SZ
349,000861.SZ
350,600062.SH
351,300047.SZ
352,300660.SZ
353,603131.SH
354,300273.SZ
355,002835.SZ
356,300329.SZ
357,600107.SH
358,002492.SZ
359,002621.SZ
360,000978.SZ
361,300427.SZ
362,603508.SH
363,603898.SH
364,600637.SH
365,002777.SZ
366,600106.SH
367,002868.SZ
368,600273.SH
369,300395.SZ
370,603025.SH
371,600586.SH
372,600141.SH
373,603078.SH
374,300416.SZ
375,603889.SH
376,300369.SZ
377,002623.SZ
378,600272.SH
379,300147.SZ
380,600794.SH
381,603266.SH
382,300468.SZ
383,600939.SH
384,600674.SH
385,600256.SH
386,002364.SZ
387,600318.SH
388,000715.SZ
389,603880.SH
390,600693.SH
391,000793.SZ
392,600300.SH
393,603813.SH
394,300056.SZ
395,600169.SH
396,002497.SZ
397,603637.SH
398,603355.SH
399,002767.SZ
400,603833.SH
401,002404.SZ
402,300403.SZ
403,002097.SZ
404,600777.SH
405,600517.SH
406,000001.SZ
407,603318.SH
408,000546.SZ
409,002283.SZ
410,000875.SZ
411,601098.SH
412,002728.SZ
413,603167.SH
414,000534.SZ
415,600291.SH
416,600350.SH
417,600611.SH
418,603500.SH
419,002106.SZ
420,002650.SZ
421,300384.SZ
422,002770.SZ
423,002342.SZ
424,002343.SZ
425,000937.SZ
426,300268.SZ
427,603429.SH
428,002092.SZ
429,600698.SH
430,300622.SZ
431,002811.SZ
432,002663.SZ
433,601021.SH
434,002407.SZ
435,002439.SZ
436,600227.SH
437,000636.SZ
438,603963.SH
439,002897.SZ
440,601099.SH
441,603922.SH
442,600511.SH
443,603838.SH
444,002029.SZ
445,002258.SZ
446,300474.SZ
447,000800.SZ
448,000719.SZ
449,002187.SZ
450,002414.SZ
451,002201.SZ
452,300244.SZ
453,300161.SZ
454,300643.SZ
455,300732.SZ
456,600305.SH
457,002625.SZ
458,000031.SZ
459,601628.SH
460,603661.SH
461,002823.SZ
462,603860.SH
463,300008.SZ
464,002579.SZ
465,600998.SH
466,002634.SZ
467,600016.SH
468,000088.SZ
469,002354.SZ
470,002166.SZ
471,002573.SZ
472,600418.SH
473,002679.SZ
474,000858.SZ
475,002702.SZ
476,000665.SZ
477,600031.SH
478,000597.SZ
479,601066.SH
480,300166.SZ
481,300503.SZ
482,600007.SH
483,002308.SZ
484,601888.SH
485,300045.SZ
486,300466.SZ
487,300401.SZ
488,600415.SH
489,002296.SZ
490,600500.SH
491,300347.SZ
492,002024.SZ
493,000028.SZ
494,002647.SZ
495,300738.SZ
496,002870.SZ
497,000151.SZ
498,600583.SH
499,600456.SH
500,600666.SH
501,601636.SH
502,601857.SH
503,300532.SZ
504,002126.SZ
505,600050.SH
506,300653.SZ
507,603721.SH
508,600258.SH
509,603937.SH
510,300736.SZ
511,002421.SZ
512,000911.SZ
513,603816.SH
514,600676.SH
515,002278.SZ
516,002597.SZ
517,600022.SH
518,300261.SZ
519,300452.SZ
520,002317.SZ
521,603938.SH
522,002587.SZ
523,002050.SZ
524,002670.SZ
525,002840.SZ
526,300073.SZ
527,300242.SZ
528,603385.SH
529,600287.SH
530,600485.SH
531,300513.SZ
532,002399.SZ
533,002673.SZ
534,600216.SH
535,603598.SH
536,002121.SZ
537,300525.SZ
538,300539.SZ
539,603999.SH
540,600470.SH
541,600639.SH
542,600095.SH
543,601678.SH
544,300602.SZ
545,002219.SZ
546,300580.SZ
547,002077.SZ
548,300610.SZ
549,000589.SZ
550,000023.SZ
551,603113.SH
552,603300.SH
553,600433.SH
554,002460.SZ
555,300212.SZ
556,002809.SZ
557,000529.SZ
558,002693.SZ
559,002848.SZ
560,601199.SH
561,002440.SZ
562,300633.SZ
563,002243.SZ
564,300760.SZ
565,600999.SH
566,603225.SH
567,603787.SH
568,600302.SH
569,600083.SH
570,601101.SH
571,002066.SZ
572,300584.SZ
573,002017.SZ
574,002402.SZ
575,002372.SZ
576,002549.SZ
577,300551.SZ
578,603229.SH
579,300099.SZ
580,603218.SH
581,000429.SZ
582,600156.SH
583,002178.SZ
584,002782.SZ
585,600436.SH
586,002153.SZ
587,603055.SH
588,600966.SH
589,002531.SZ
590,000049.SZ
591,300569.SZ
592,002332.SZ
593,300202.SZ
594,600705.SH
595,000926.SZ
596,300505.SZ
597,600211.SH
598,603319.SH
599,600521.SH
600,300034.SZ
601,000708.SZ
602,603655.SH
603,002322.SZ
604,002895.SZ
605,600787.SH
606,600362.SH
607,600383.SH
608,603063.SH
609,002053.SZ
610,300670.SZ
611,000536.SZ
612,300464.SZ
613,300509.SZ
614,002790.SZ
615,002583.SZ
616,600284.SH
617,600776.SH
618,603289.SH
619,300404.SZ
620,601882.SH
621,000099.SZ
622,601866.SH
623,600066.SH
624,300713.SZ
625,300136.SZ
626,601869.SH
627,600348.SH
628,002925.SZ
629,300720.SZ
630,603987.SH
631,002340.SZ
632,600803.SH
633,300747.SZ
634,600487.SH
635,603939.SH
636,000019.SZ
637,000582.SZ
638,603667.SH
639,600851.SH
640,000599.SZ
641,601139.SH
642,300549.SZ
643,002528.SZ
644,002712.SZ
645,300225.SZ
646,600739.SH
647,601118.SH
648,600099.SH
649,603060.SH
650,603099.SH
651,002803.SZ
652,002674.SZ
653,600509.SH
654,002577.SZ
655,600985.SH
656,002863.SZ
657,000757.SZ
658,002551.SZ
659,002626.SZ
660,002419.SZ
661,300613.SZ
662,600713.SH
663,600584.SH
664,600805.SH
665,603032.SH
666,600098.SH
667,600343.SH
668,600377.SH
669,600638.SH
670,603758.SH
671,300542.SZ
672,603701.SH
673,300449.SZ
674,600019.SH
675,601929.SH
676,300142.SZ
677,000695.SZ
678,600288.SH
679,002566.SZ
680,600582.SH
681,601339.SH
682,002074.SZ
683,601939.SH
684,300598.SZ
685,002374.SZ
686,002482.SZ
687,300176.SZ
688,002431.SZ
689,002021.SZ
690,000795.SZ
691,000729.SZ
692,600551.SH
693,002857.SZ
694,603798.SH
695,002111.SZ
696,300108.SZ
697,600908.SH
698,300036.SZ
699,002877.SZ
700,600277.SH
701,600976.SH
702,002519.SZ
703,002845.SZ
704,000801.SZ
705,002300.SZ
706,601375.SH
707,603066.SH
708,601965.SH
709,600446.SH
710,000561.SZ
711,603041.SH
712,600152.SH
713,002040.SZ
714,601319.SH
715,601952.SH
716,300255.SZ
717,300591.SZ
718,002016.SZ
719,600191.SH
720,603866.SH
721,601800.SH
722,002363.SZ
723,002734.SZ
724,601128.SH
725,300103.SZ
726,002150.SZ
727,002210.SZ
728,600755.SH
729,601155.SH
730,600376.SH
731,600569.SH
732,600614.SH
733,603196.SH
734,002220.SZ
735,300501.SZ
736,002202.SZ
737,300486.SZ
738,603009.SH
739,000672.SZ
740,600309.SH
741,603801.SH
742,002503.SZ
743,600035.SH
744,300071.SZ
745,601996.SH
746,600176.SH
747,601211.SH
748,603192.SH
749,300100.SZ
750,002682.SZ
751,600600.SH
752,002305.SZ
753,600221.SH
754,300517.SZ
755,603037.SH
756,603156.SH
757,601789.SH
758,002048.SZ
759,603129.SH
760,300119.SZ
761,000709.SZ
762,002534.SZ
763,300059.SZ
764,002907.SZ
765,002065.SZ
766,600055.SH
767,600183.SH
768,000989.SZ
769,002149.SZ
770,603309.SH
771,601068.SH
772,300143.SZ
773,603127.SH
774,002657.SZ
775,600162.SH
776,300446.SZ
777,002600.SZ
778,002745.SZ
779,002678.SZ
780,603590.SH
781,600132.SH
782,300148.SZ
783,002143.SZ
784,600160.SH
785,603330.SH
786,603456.SH
787,600063.SH
788,600979.SH
789,300546.SZ
790,300152.SZ
791,600783.SH
792,000525.SZ
793,002144.SZ
794,300345.SZ
795,601018.SH
796,000882.SZ
797,000919.SZ
798,600658.SH
799,300241.SZ
800,603696.SH
801,002905.SZ
802,603630.SH
803,002203.SZ
804,603809.SH
805,300640.SZ
806,300688.SZ
807,600892.SH
808,300443.SZ
809,002401.SZ
810,000625.SZ
811,603656.SH
812,002120.SZ
813,000910.SZ
814,000404.SZ
815,001696.SZ
816,000046.SZ
817,300439.SZ
818,603331.SH
819,300373.SZ
820,300183.SZ
821,000514.SZ
822,000656.SZ
823,000732.SZ
824,002132.SZ
825,300658.SZ
826,600486.SH
827,600683.SH
828,603583.SH
829,002889.SZ
830,603797.SH
831,600592.SH
832,300052.SZ
833,300132.SZ
834,000040.SZ
835,000777.SZ
836,300578.SZ
837,002003.SZ
838,002640.SZ
839,603017.SH
840,300219.SZ
841,601991.SH
842,002819.SZ
843,600993.SH
844,002602.SZ
845,600861.SH
846,601188.SH
847,000637.SZ
848,002526.SZ
849,002222.SZ
850,300124.SZ
851,002338.SZ
852,000651.SZ
853,603901.SH
854,002655.SZ
855,300629.SZ
856,601116.SH
857,002475.SZ
858,002899.SZ
859,600233.SH
860,600438.SH
861,000603.SZ
862,002099.SZ
863,603238.SH
864,603499.SH
865,600190.SH
866,601901.SH
867,601011.SH
868,002498.SZ
869,002733.SZ
870,300671.SZ
871,603169.SH
872,300672.SZ
873,600516.SH
874,603356.SH
875,002783.SZ
876,300204.SZ
877,600895.SH
878,300642.SZ
879,002493.SZ
880,300243.SZ
881,600764.SH
882,000736.SZ
883,002108.SZ
884,600167.SH
885,002369.SZ
886,300252.SZ
887,002480.SZ
888,300145.SZ
889,300155.SZ
890,300585.SZ
891,600297.SH
892,600798.SH
893,002576.SZ
894,300715.SZ
895,600354.SH
896,002175.SZ
897,300220.SZ
898,002240.SZ
899,601218.SH
900,603043.SH
901,603393.SH
902,601966.SH
903,300538.SZ
904,300556.SZ
905,002879.SZ
906,600864.SH
907,300092.SZ
908,300110.SZ
909,300575.SZ
910,600239.SH
911,300044.SZ
912,603636.SH
913,300185.SZ
914,300657.SZ
915,600248.SH
916,601368.SH
917,000638.SZ
918,300385.SZ
919,300131.SZ
920,000070.SZ
921,000985.SZ
922,002464.SZ
923,300722.SZ
924,002339.SZ
925,300262.SZ
926,002184.SZ
927,603001.SH
928,600478.SH
929,300368.SZ
930,002620.SZ
931,300063.SZ
932,300094.SZ
933,603918.SH
934,002071.SZ
935,002124.SZ
936,300433.SZ
937,300380.SZ
938,603596.SH
939,002701.SZ
940,300272.SZ
941,002558.SZ
942,601388.SH
943,603220.SH
944,600353.SH
945,600668.SH
946,600753.SH
947,601010.SH
948,600754.SH
949,300654.SZ
950,600096.SH
951,300748.SZ
952,600136.SH
953,002900.SZ
954,300399.SZ
955,601226.SH
956,002334.SZ
957,600105.SH
958,002247.SZ
959,300327.SZ
960,300177.SZ
961,600173.SH
962,000539.SZ
963,002362.SZ
964,002685.SZ
965,600761.SH
966,300405.SZ
967,000555.SZ
968,300280.SZ
969,600682.SH
970,002839.SZ
971,002174.SZ
972,600547.SH
973,002133.SZ
974,002335.SZ
975,603659.SH
976,600900.SH
977,002624.SZ
978,300053.SZ
979,002058.SZ
980,600332.SH
981,600808.SH
982,600811.SH
983,601002.SH
984,603882.SH
985,300237.SZ
986,600218.SH
987,002049.SZ
988,600008.SH
989,002807.SZ
990,300248.SZ
991,600758.SH
992,002269.SZ
993,002940.SZ
994,601137.SH
995,603986.SH
996,002591.SZ
997,603955.SH
998,601003.SH
999,600262.SH
1000,000900.SZ
1001,002438.SZ
1002,000766.SZ
1003,603588.SH
1004,603496.SH
1005,600802.SH
1006,000821.SZ
1007,002729.SZ
1008,300450.SZ
1009,000543.SZ
1010,300493.SZ
1011,002779.SZ
1012,300717.SZ
1013,002802.SZ
1014,600686.SH
1015,000887.SZ
1016,002713.SZ
1017,300666.SZ
1018,600867.SH
1019,000807.SZ
1020,002500.SZ
1021,300511.SZ
1022,603239.SH
1023,300495.SZ
1024,000661.SZ
1025,000759.SZ
1026,002063.SZ
1027,002755.SZ
1028,002359.SZ
1029,300683.SZ
1030,300655.SZ
1031,600090.SH
1032,601858.SH
1033,000004.SZ
1034,603823.SH
1035,000507.SZ
1036,002627.SZ
1037,000581.SZ
1038,600784.SH
1039,002753.SZ
1040,601985.SH
1041,300032.SZ
1042,300344.SZ
1043,300577.SZ
1044,002903.SZ
1045,300046.SZ
1046,603779.SH
1047,300075.SZ
1048,000012.SZ
1049,002520.SZ
1050,300392.SZ
1051,603733.SH
1052,002935.SZ
1053,002758.SZ
1054,000623.SZ
1055,002330.SZ
1056,000631.SZ
1057,000663.SZ
1058,002825.SZ
1059,300533.SZ
1060,002273.SZ
1061,603006.SH
1062,603896.SH
1063,002711.SZ
1064,600507.SH
1065,600785.SH
1066,601163.SH
1067,002584.SZ
1068,603527.SH
1069,000421.SZ
1070,002396.SZ
1071,300479.SZ
1072,300070.SZ
1073,600781.SH
1074,600307.SH
1075,002083.SZ
1076,603767.SH
1077,002001.SZ
1078,002264.SZ
1079,603360.SH
1080,300235.SZ
1081,601113.SH
1082,601579.SH
1083,002936.SZ
1084,002592.SZ
1085,603367.SH
1086,002751.SZ
1087,603028.SH
1088,000791.SZ
1089,300719.SZ
1090,600276.SH
1091,300189.SZ
1092,601186.SH
1093,300363.SZ
1094,600602.SH
1095,002689.SZ
1096,002483.SZ
1097,300128.SZ
1098,300601.SZ
1099,600800.SH
1100,300469.SZ
1101,300051.SZ
1102,600378.SH
1103,002413.SZ
1104,002616.SZ
1105,002735.SZ
1106,002458.SZ
1107,000983.SZ
1108,300482.SZ
1109,300723.SZ
1110,601169.SH
1111,601989.SH
1112,002381.SZ
1113,601877.SH
1114,300181.SZ
1115,601229.SH
1116,603477.SH
1117,002221.SZ
1118,600886.SH
1119,600874.SH
1120,000050.SZ
1121,002833.SZ
1122,002158.SZ
1123,600499.SH
1124,002287.SZ
1125,002852.SZ
1126,300362.SZ
1127,002622.SZ
1128,600030.SH
1129,002913.SZ
1130,601318.SH
1131,002565.SZ
1132,600481.SH
1133,002309.SZ
1134,002536.SZ
1135,002452.SZ
1136,601333.SH
1137,002165.SZ
1138,600845.SH
1139,601633.SH
1140,002279.SZ
1141,603398.SH
1142,300221.SZ
1143,002238.SZ
1144,601016.SH
1145,600501.SH
1146,002741.SZ
1147,300026.SZ
1148,002241.SZ
1149,300461.SZ
1150,600161.SH
1151,002456.SZ
1152,002544.SZ
1153,601012.SH
1154,300626.SZ
1155,002025.SZ
1156,300567.SZ
1157,600711.SH
1158,600629.SH
1159,300270.SZ
1160,002249.SZ
1161,300374.SZ
1162,002543.SZ
1163,000786.SZ
1164,600759.SH
1165,002185.SZ
1166,000905.SZ
1167,002022.SZ
1168,600641.SH
1169,603811.SH
1170,300470.SZ
1171,002636.SZ
1172,600791.SH
1173,300086.SZ
1174,300012.SZ
1175,300081.SZ
1176,300317.SZ
1177,600337.SH
1178,600545.SH
1179,002708.SZ
1180,600028.SH
1181,002929.SZ
1182,300178.SZ
1183,300611.SZ
1184,300568.SZ
1185,002271.SZ
1186,603879.SH
1187,000572.SZ
1188,603566.SH
1189,002177.SZ
1190,603601.SH
1191,002933.SZ
1192,300264.SZ
1193,000683.SZ
1194,000959.SZ
1195,600853.SH
1196,300286.SZ
1197,300376.SZ
1198,601992.SH
1199,002365.SZ
1200,600312.SH
1201,000778.SZ
1202,002859.SZ
1203,002320.SZ
1204,002008.SZ
1205,000593.SZ
1206,600903.SH
1207,000750.SZ
1208,300491.SZ
1209,002304.SZ
1210,300426.SZ
1211,300021.SZ
1212,600058.SH
1213,300040.SZ
1214,300283.SZ
1215,002026.SZ
1216,600859.SH
1217,002275.SZ
1218,600996.SH
1219,603969.SH
1220,300074.SZ
1221,002545.SZ
1222,600917.SH
1223,002596.SZ
1224,000876.SZ
1225,002748.SZ
1226,603693.SH
1227,000584.SZ
1228,600387.SH
1229,300696.SZ
1230,300371.SZ
1231,300216.SZ
1232,300064.SZ
1233,600380.SH
1234,002926.SZ
1235,300753.SZ
1236,603817.SH
1237,300090.SZ
1238,600385.SH
1239,300238.SZ
1240,600073.SH
1241,002079.SZ
1242,300311.SZ
1243,600661.SH
1244,300323.SZ
1245,300431.SZ
1246,000558.SZ
1247,002405.SZ
1248,000639.SZ
1249,002410.SZ
1250,600530.SH
1251,603323.SH
1252,000557.SZ
1253,600508.SH
1254,600559.SH
1255,300554.SZ
1256,600573.SH
1257,603615.SH
1258,000881.SZ
1259,002865.SZ
1260,601566.SH
1261,603322.SH
1262,603179.SH
1263,600215.SH
1264,002406.SZ
1265,600737.SH
1266,300690.SZ
1267,300386.SZ
1268,000619.SZ
1269,300730.SZ
1270,002172.SZ
1271,002665.SZ
1272,300168.SZ
1273,002448.SZ
1274,300492.SZ
1275,300316.SZ
1276,000700.SZ
1277,600624.SH
1278,000903.SZ
1279,002389.SZ
1280,600298.SH
1281,002694.SZ
1282,002746.SZ
1283,002012.SZ
1284,300592.SZ
1285,300299.SZ
1286,002484.SZ
1287,002051.SZ
1288,002140.SZ
1289,002522.SZ
1290,300504.SZ
1291,300285.SZ
1292,600315.SH
1293,002912.SZ
1294,601808.SH
1295,300116.SZ
1296,600780.SH
1297,600690.SH
1298,300749.SZ
1299,600667.SH
1300,300548.SZ
1301,000524.SZ
1302,601608.SH
1303,603650.SH
1304,603808.SH
1305,603868.SH
1306,002763.SZ
1307,300414.SZ
1308,300190.SZ
1309,603177.SH
1310,002732.SZ
1311,603321.SH
1312,600122.SH
1313,000039.SZ
1314,600833.SH
1315,603328.SH
1316,600570.SH
1317,600025.SH
1318,000969.SZ
1319,603990.SH
1320,600027.SH
1321,600673.SH
1322,603199.SH
1323,002727.SZ
1324,600748.SH
1325,002509.SZ
1326,603278.SH
1327,300743.SZ
1328,002093.SZ
1329,600745.SH
1330,600323.SH
1331,300179.SZ
1332,603679.SH
1333,300050.SZ
1334,300572.SZ
1335,300665.SZ
1336,603298.SH
1337,002864.SZ
1338,300111.SZ
1339,002314.SZ
1340,600467.SH
1341,002582.SZ
1342,000428.SZ
1343,002349.SZ
1344,300098.SZ
1345,603306.SH
1346,000620.SZ
1347,300636.SZ
1348,603985.SH
1349,603855.SH
1350,600261.SH
1351,002307.SZ
1352,600503.SH
1353,300706.SZ
1354,600872.SH
1355,603111.SH
1356,601225.SH
1357,002931.SZ
1358,000419.SZ
1359,002599.SZ
1360,000960.SZ
1361,002179.SZ
1362,002337.SZ
1363,300312.SZ
1364,002818.SZ
1365,300035.SZ
1366,000029.SZ
1367,300336.SZ
1368,601200.SH
1369,600395.SH
1370,300129.SZ
1371,600328.SH
1372,300029.SZ
1373,002812.SZ
1374,300357.SZ
1375,002590.SZ
1376,603887.SH
1377,600398.SH
1378,603311.SH
1379,002465.SZ
1380,002749.SZ
1381,002400.SZ
1382,601020.SH
1383,002298.SZ
1384,000878.SZ
1385,000936.SZ
1386,603108.SH
1387,002119.SZ
1388,300048.SZ
1389,300434.SZ
1390,300355.SZ
1391,600361.SH
1392,603315.SH
1393,300062.SZ
1394,300121.SZ
1395,300420.SZ
1396,002469.SZ
1397,000509.SZ
1398,002676.SZ
1399,000411.SZ
1400,000839.SZ
1401,300428.SZ
1402,300412.SZ
1403,600137.SH
1404,600869.SH
1405,002270.SZ
1406,002771.SZ
1407,603320.SH
1408,002080.SZ
1409,600958.SH
1410,600821.SH
1411,002377.SZ
1412,600070.SH
1413,600606.SH
1414,000537.SZ
1415,000158.SZ
1416,600199.SH
1417,600184.SH
1418,002736.SZ
1419,002353.SZ
1420,002009.SZ
1421,300341.SZ
1422,002052.SZ
1423,600483.SH
1424,600502.SH
1425,603396.SH
1426,601969.SH
1427,601168.SH
1428,300571.SZ
1429,603086.SH
1430,603297.SH
1431,300089.SZ
1432,600812.SH
1433,600113.SH
1434,600971.SH
1435,600482.SH
1436,002501.SZ
1437,603103.SH
1438,002928.SZ
1439,002318.SZ
1440,600536.SH
1441,300016.SZ
1442,600064.SH
1443,000030.SZ
1444,300079.SZ
1445,300756.SZ
1446,002094.SZ
1447,600897.SH
1448,300417.SZ
1449,002563.SZ
1450,002361.SZ
1451,300529.SZ
1452,600965.SH
1453,300701.SZ
1454,600410.SH
1455,300604.SZ
1456,600969.SH
1457,300608.SZ
1458,300481.SZ
1459,603626.SH
1460,002516.SZ
1461,300695.SZ
1462,300277.SZ
1463,002725.SZ
1464,603658.SH
1465,600089.SH
1466,002824.SZ
1467,600310.SH
1468,600827.SH
1469,600685.SH
1470,603919.SH
1471,002915.SZ
1472,603517.SH
1473,603683.SH
1474,600048.SH
1475,002267.SZ
1476,600345.SH
1477,603799.SH
1478,300287.SZ
1479,002086.SZ
1480,300667.SZ
1481,600279.SH
1482,300661.SZ
1483,300595.SZ
1484,002205.SZ
1485,000166.SZ
1486,603609.SH
1487,601233.SH
1488,000753.SZ
1489,300192.SZ
1490,000885.SZ
1491,603580.SH
1492,603079.SH
1493,300018.SZ
1494,600195.SH
1495,002292.SZ
1496,600593.SH
1497,603978.SH
1498,600406.SH
1499,002669.SZ
1500,002345.SZ
1501,600862.SH
1502,600703.SH
1503,002039.SZ
1504,300526.SZ
1505,300218.SZ
1506,002662.SZ
1507,002564.SZ
1508,601231.SH
1509,300664.SZ
1510,002387.SZ
1511,603535.SH
1512,300324.SZ
1513,002451.SZ
1514,603899.SH
1515,002630.SZ
1516,300156.SZ
1517,000918.SZ
1518,603861.SH
1519,600533.SH
1520,600257.SH
1521,002446.SZ
1522,603178.SH
1523,603688.SH
1524,002715.SZ
1525,600460.SH
1526,600959.SH
1527,002656.SZ
1528,300198.SZ
1529,002082.SZ
1530,300278.SZ
1531,002098.SZ
1532,603519.SH
1533,600100.SH
1534,000156.SZ
1535,002444.SZ
1536,300628.SZ
1537,002747.SZ
1538,300353.SZ
1539,002589.SZ
1540,002485.SZ
1541,600856.SH
1542,002908.SZ
1543,300097.SZ
1544,603301.SH
1545,300303.SZ
1546,300394.SZ
1547,300306.SZ
1548,603711.SH
1549,600168.SH
1550,002629.SZ
1551,603912.SH
1552,300637.SZ
1553,601198.SH
1554,300296.SZ
1555,002847.SZ
1556,002250.SZ
1557,601988.SH
1558,603214.SH
1559,002683.SZ
1560,002027.SZ
1561,300214.SZ
1562,000993.SZ
1563,002128.SZ
1564,600640.SH
1565,000889.SZ
1566,000987.SZ
1567,002227.SZ
1568,300302.SZ
1569,002232.SZ
1570,600285.SH
1571,002315.SZ
1572,002476.SZ
1573,000402.SZ
1574,300112.SZ
1575,600201.SH
1576,600841.SH
1577,002408.SZ
1578,002554.SZ
1579,600379.SH
1580,600565.SH
1581,002607.SZ
1582,600774.SH
1583,000890.SZ
1584,300006.SZ
1585,600360.SH
1586,002820.SZ
1587,002487.SZ
1588,601727.SH
1589,002832.SZ
1590,603713.SH
1591,603507.SH
1592,603016.SH
1593,603518.SH
1594,603616.SH
1595,300456.SZ
1596,603678.SH
1597,000034.SZ
1598,603363.SH
1599,002351.SZ
1600,603660.SH
1601,300356.SZ
1602,603181.SH
1603,600085.SH
1604,002797.SZ
1605,600881.SH
1606,002230.SZ
1607,002529.SZ
1608,002853.SZ
1609,300107.SZ
1610,002181.SZ
1611,002641.SZ
1612,002055.SZ
1613,000688.SZ
1614,002813.SZ
1615,002033.SZ
1616,600790.SH
1617,300209.SZ
1618,600108.SH
1619,600597.SH
1620,603996.SH
1621,002637.SZ
1622,603232.SH
1623,603906.SH
1624,603607.SH
1625,601222.SH
1626,300076.SZ
1627,603388.SH
1628,300451.SZ
1629,601688.SH
1630,300589.SZ
1631,600448.SH
1632,600572.SH
1633,600146.SH
1634,600613.SH
1635,300523.SZ
1636,600086.SH
1637,603326.SH
1638,603602.SH
1639,002638.SZ
1640,300751.SZ
1641,601288.SH
1642,002617.SZ
1643,300223.SZ
1644,002062.SZ
1645,300641.SZ
1646,603160.SH
1647,002198.SZ
1648,300407.SZ
1649,603100.SH
1650,300389.SZ
1651,002256.SZ
1652,002810.SZ
1653,300673.SZ
1654,000731.SZ
1655,000957.SZ
1656,600580.SH
1657,002303.SZ
1658,000837.SZ
1659,603366.SH
1660,600493.SH
1661,600251.SH
1662,300257.SZ
1663,002828.SZ
1664,603900.SH
1665,300724.SZ
1666,002872.SZ
1667,000917.SZ
1668,002091.SZ
1669,300600.SZ
1670,002557.SZ
1671,000852.SZ
1672,002449.SZ
1673,603619.SH
1674,000587.SZ
1675,300440.SZ
1676,600459.SH
1677,300141.SZ
1678,002450.SZ
1679,000035.SZ
1680,002239.SZ
1681,603069.SH
1682,600919.SH
1683,600846.SH
1684,300635.SZ
1685,603897.SH
1686,002860.SZ
1687,603595.SH
1688,002718.SZ
1689,600054.SH
1690,300388.SZ
1691,601933.SH
1692,300158.SZ
1693,002197.SZ
1694,002618.SZ
1695,601998.SH
1696,000705.SZ
1697,600708.SH
1698,000615.SZ
1699,300150.SZ
1700,002690.SZ
1701,601336.SH
1702,600187.SH
1703,600512.SH
1704,601166.SH
1705,600750.SH
1706,300367.SZ
1707,300014.SZ
1708,300274.SZ
1709,300500.SZ
1710,000727.SZ
1711,002294.SZ
1712,002837.SZ
1713,002034.SZ
1714,002659.SZ
1715,002268.SZ
1716,300054.SZ
1717,300207.SZ
1718,300301.SZ
1719,002542.SZ
1720,000533.SZ
1721,601369.SH
1722,300521.SZ
1723,300437.SZ
1724,002628.SZ
1725,600196.SH
1726,300378.SZ
1727,002586.SZ
1728,002792.SZ
1729,000895.SZ
1730,603663.SH
1731,300478.SZ
1732,300497.SZ
1733,002768.SZ
1734,002231.SZ
1735,002856.SZ
1736,600829.SH
1737,300027.SZ
1738,002798.SZ
1739,002272.SZ
1740,000042.SZ
1741,000014.SZ
1742,002154.SZ
1743,002598.SZ
1744,603533.SH
1745,603501.SH
1746,603829.SH
1747,603015.SH
1748,603895.SH
1749,002299.SZ
1750,600977.SH
1751,300015.SZ
1752,300066.SZ
1753,002350.SZ
1754,300194.SZ
1755,002067.SZ
1756,300117.SZ
1757,002398.SZ
1758,601100.SH
1759,002569.SZ
1760,002672.SZ
1761,002478.SZ
1762,300418.SZ
1763,603083.SH
1764,600240.SH
1765,300531.SZ
1766,002722.SZ
1767,002095.SZ
1768,002849.SZ
1769,300271.SZ
1770,601881.SH
1771,002138.SZ
1772,002076.SZ
1773,000758.SZ
1774,600461.SH
1775,600480.SH
1776,000967.SZ
1777,600229.SH
1778,002575.SZ
1779,000005.SZ
1780,002743.SZ
1781,600838.SH
1782,300541.SZ
1783,002392.SZ
1784,300726.SZ
1785,603486.SH
1786,000159.SZ
1787,002391.SZ
1788,600561.SH
1789,600015.SH
1790,000089.SZ
1791,000501.SZ
1792,300199.SZ
1793,600619.SH
1794,300039.SZ
1795,603040.SH
1796,300139.SZ
1797,600290.SH
1798,300460.SZ
1799,603007.SH
1800,603159.SH
1801,300710.SZ
1802,603567.SH
1803,002453.SZ
1804,300065.SZ
1805,600153.SH
1806,002548.SZ
1807,002697.SZ
1808,603639.SH
1809,000626.SZ
1810,002031.SZ
1811,600333.SH
1812,603067.SH
1813,600268.SH
1814,002110.SZ
1815,603989.SH
1816,002183.SZ
1817,300627.SZ
1818,600825.SH
1819,002739.SZ
1820,600660.SH
1821,000523.SZ
1822,603686.SH
1823,002038.SZ
1824,002218.SZ
1825,300331.SZ
1826,600718.SH
1827,603158.SH
1828,300088.SZ
1829,603737.SH
1830,002724.SZ
1831,600166.SH
1832,601890.SH
1833,002791.SZ
1834,300547.SZ
1835,002593.SZ
1836,603088.SH
1837,600498.SH
1838,601228.SH
1839,300093.SZ
1840,300281.SZ
1841,603716.SH
1842,300338.SZ
1843,300151.SZ
1844,600596.SH
1845,300153.SZ
1846,300528.SZ
1847,002873.SZ
1848,300620.SZ
1849,300623.SZ
1850,300519.SZ
1851,000756.SZ
1852,300648.SZ
1853,603730.SH
1854,002246.SZ
1855,600370.SH
1856,300480.SZ
1857,600157.SH
1858,002730.SZ
1859,600888.SH
1860,600890.SH
1861,002447.SZ
1862,601177.SH
1863,603617.SH
1864,000761.SZ
1865,600220.SH
1866,300193.SZ
1867,300325.SZ
1868,300087.SZ
1869,600158.SH
1870,002310.SZ
1871,601138.SH
1872,600219.SH
1873,300596.SZ
1874,300685.SZ
1875,601028.SH
1876,002007.SZ
1877,002752.SZ
1878,002691.SZ
1879,300140.SZ
1880,600677.SH
1881,000548.SZ
1882,002378.SZ
1883,002816.SZ
1884,000338.SZ
1885,600489.SH
1886,300583.SZ
1887,002060.SZ
1888,600973.SH
1889,300393.SZ
1890,300605.SZ
1891,603023.SH
1892,600880.SH
1893,603628.SH
1894,002615.SZ
1895,603187.SH
1896,300069.SZ
1897,002886.SZ
1898,300471.SZ
1899,002059.SZ
1900,002780.SZ
1901,600010.SH
1902,000869.SZ
1903,002411.SZ
1904,002281.SZ
1905,002010.SZ
1906,002696.SZ
1907,300292.SZ
1908,300425.SZ
1909,603039.SH
1910,600978.SH
1911,000752.SZ
1912,002540.SZ
1913,000792.SZ
1914,002769.SZ
1915,002888.SZ
1916,300180.SZ
1917,300630.SZ
1918,603843.SH
1919,600986.SH
1920,601788.SH
1921,603728.SH
1922,600053.SH
1923,002507.SZ
1924,000789.SZ
1925,300033.SZ
1926,300700.SZ
1927,603559.SH
1928,002574.SZ
1929,002891.SZ
1930,600585.SH
1931,603010.SH
1932,002375.SZ
1933,300678.SZ
1934,002568.SZ
1935,000021.SZ
1936,300170.SZ
1937,300733.SZ
1938,600188.SH
1939,603488.SH
1940,002244.SZ
1941,000951.SZ
1942,002660.SZ
1943,002916.SZ
1944,300436.SZ
1945,603773.SH
1946,300125.SZ
1947,300358.SZ
1948,603515.SH
1949,000782.SZ
1950,603157.SH
1951,002686.SZ
1952,300462.SZ
1953,600723.SH
1954,600801.SH
1955,000301.SZ
1956,002559.SZ
1957,300201.SZ
1958,600117.SH
1959,600496.SH
1960,603223.SH
1961,000830.SZ
1962,603828.SH
1963,601111.SH
1964,600687.SH
1965,000929.SZ
1966,002394.SZ
1967,300740.SZ
1968,002223.SZ
1969,300508.SZ
1970,600967.SH
1971,002661.SZ
1972,002129.SZ
1973,300096.SZ
1974,600848.SH
1975,600119.SH
1976,601127.SH
1977,601828.SH
1978,603203.SH
1979,600519.SH
1980,600336.SH
1981,300402.SZ
1982,300265.SZ
1983,600104.SH
1984,603707.SH
1985,000516.SZ
1986,600763.SH
1987,600665.SH
1988,600650.SH
1989,000733.SZ
1990,002799.SZ
1991,600110.SH
1992,600933.SH
1993,000788.SZ
1994,000010.SZ
1995,600260.SH
1996,000403.SZ
1997,600526.SH
1998,603708.SH
1999,002681.SZ
2000,002117.SZ
2001,300173.SZ
2002,002386.SZ
2003,002251.SZ
2004,000002.SZ
2005,002420.SZ
2006,603569.SH
2007,600891.SH
2008,601997.SH
2009,600138.SH
2010,002156.SZ
2011,603606.SH
2012,001979.SZ
2013,603357.SH
2014,603528.SH
2015,300400.SZ
2016,000988.SZ
2017,300003.SZ
2018,300609.SZ
2019,603577.SH
2020,600628.SH
2021,002331.SZ
2022,603608.SH
2023,603348.SH
2024,300558.SZ
2025,300512.SZ
2026,002723.SZ
2027,300307.SZ
2028,300711.SZ
2029,000880.SZ
2030,000541.SZ
2031,601717.SH
2032,600837.SH
2033,300245.SZ
2034,603698.SH
2035,300496.SZ
2036,002675.SZ
2037,603578.SH
2038,002229.SZ
2039,601611.SH
2040,603089.SH
2041,002762.SZ
2042,002866.SZ
2043,000701.SZ
2044,300236.SZ
2045,300537.SZ
2046,600773.SH
2047,300305.SZ
2048,603888.SH
2049,603316.SH
2050,002274.SZ
2051,002103.SZ
2052,601158.SH
2053,300165.SZ
2054,000552.SZ
2055,600796.SH
2056,000650.SZ
2057,002546.SZ
2058,300134.SZ
2059,600960.SH
2060,002785.SZ
2061,300662.SZ
2062,600391.SH
2063,600819.SH
2064,603161.SH
2065,600929.SH
2066,002056.SZ
2067,600206.SH
2068,601669.SH
2069,300663.SZ
2070,600510.SH
2071,002123.SZ
2072,000938.SZ
2073,603123.SH
2074,300310.SZ
2075,600679.SH
2076,002011.SZ
2077,600127.SH
2078,603648.SH
2079,603757.SH
2080,002707.SZ
2081,603085.SH
2082,000567.SZ
2083,600368.SH
2084,001872.SZ
2085,603703.SH
2086,603258.SH
2087,300279.SZ
2088,600249.SH
2089,600734.SH
2090,600756.SH
2091,002567.SZ
2092,603329.SH
2093,603020.SH
2094,603976.SH
2095,600770.SH
2096,002547.SZ
2097,600615.SH
2098,002875.SZ
2099,002253.SZ
2100,601606.SH
2101,300698.SZ
2102,002461.SZ
2103,600416.SH
2104,603856.SH
2105,300169.SZ
2106,600371.SH
2107,000521.SZ
2108,300739.SZ
2109,600578.SH
2110,002521.SZ
2111,600148.SH
2112,600422.SH
2113,300576.SZ
2114,300072.SZ
2115,603505.SH
2116,000797.SZ
2117,603555.SH
2118,603825.SH
2119,000632.SZ
2120,002774.SZ
2121,601601.SH
2122,603859.SH
2123,600620.SH
2124,300159.SZ
2125,300164.SZ
2126,000921.SZ
2127,600537.SH
2128,600983.SH
2129,601360.SH
2130,002412.SZ
2131,603299.SH
2132,600558.SH
2133,002808.SZ
2134,002371.SZ
2135,000570.SZ
2136,600017.SH
2137,002920.SZ
2138,603676.SH
2139,002254.SZ
2140,300187.SZ
2141,002906.SZ
2142,000868.SZ
2143,600970.SH
2144,002511.SZ
2145,600549.SH
2146,603556.SH
2147,300458.SZ
2148,603712.SH
2149,002489.SZ
2150,300680.SZ
2151,000612.SZ
2152,603186.SH
2153,300445.SZ
2154,600200.SH
2155,603706.SH
2156,601668.SH
2157,600594.SH
2158,002212.SZ
2159,000963.SZ
2160,600601.SH
2161,002137.SZ
2162,300488.SZ
2163,002898.SZ
2164,000506.SZ
2165,000823.SZ
2166,300692.SZ
2167,000860.SZ
2168,601086.SH
2169,000063.SZ
2170,300406.SZ
2171,603036.SH
2172,603790.SH
2173,002104.SZ
2174,600283.SH
2175,300007.SZ
2176,600719.SH
2177,002831.SZ
2178,603685.SH
2179,002631.SZ
2180,600463.SH
2181,002004.SZ
2182,600316.SH
2183,000977.SZ
2184,600111.SH
2185,603090.SH
2186,603885.SH
2187,002313.SZ
2188,002653.SZ
2189,002932.SZ
2190,300459.SZ
2191,002585.SZ
2192,002892.SZ
2193,600226.SH
2194,000609.SZ
2195,002311.SZ
2196,300309.SZ
2197,600172.SH
2198,603345.SH
2199,601238.SH
2200,002668.SZ
2201,603839.SH
2202,000829.SZ
2203,000712.SZ
2204,002390.SZ
2205,000426.SZ
2206,600352.SH
2207,300290.SZ
2208,002468.SZ
2209,300250.SZ
2210,603018.SH
2211,300017.SZ
2212,000862.SZ
2213,002358.SZ
2214,600645.SH
2215,600170.SH
2216,002367.SZ
2217,002157.SZ
2218,000061.SZ
2219,000888.SZ
2220,002654.SZ
2221,300659.SZ
2222,600835.SH
2223,300502.SZ
2224,603076.SH
2225,300444.SZ
2226,600171.SH
2227,603226.SH
2228,300535.SZ
2229,601258.SH
2230,000785.SZ
2231,300200.SZ
2232,300334.SZ
2233,600059.SH
2234,600834.SH
2235,002855.SZ
2236,300146.SZ
2237,600103.SH
2238,002595.SZ
2239,600765.SH
2240,600575.SH
2241,002472.SZ
2242,300381.SZ
2243,300677.SZ
2244,002486.SZ
2245,000713.SZ
2246,603960.SH
2247,300160.SZ
2248,300721.SZ
2249,300340.SZ
2250,300681.SZ
2251,300030.SZ
2252,002876.SZ
2253,300455.SZ
2254,000948.SZ
2255,002941.SZ
2256,601000.SH
2257,601398.SH
2258,603000.SH
2259,300196.SZ
2260,603336.SH
2261,603958.SH
2262,002861.SZ
2263,300184.SZ
2264,000009.SZ
2265,600497.SH
2266,300432.SZ
2267,002068.SZ
2268,000851.SZ
2269,002609.SZ
2270,002488.SZ
2271,600795.SH
2272,300490.SZ
2273,300162.SZ
2274,300332.SZ
2275,603993.SH
2276,600449.SH
2277,600697.SH
2278,603690.SH
2279,603228.SH
2280,600023.SH
2281,600293.SH
2282,603269.SH
2283,603101.SH
2284,600782.SH
2285,002167.SZ
2286,002709.SZ
2287,300674.SZ
2288,603466.SH
2289,000698.SZ
2290,300227.SZ
2291,000553.SZ
2292,000901.SZ
2293,300586.SZ
2294,000513.SZ
2295,002087.SZ
2296,000813.SZ
2297,300487.SZ
2298,603031.SH
2299,600267.SH
2300,300082.SZ
2301,600123.SH
2302,300467.SZ
2303,300593.SZ
2304,002112.SZ
2305,300545.SZ
2306,300326.SZ
2307,603788.SH
2308,300105.SZ
2309,300126.SZ
2310,002355.SZ
2311,300510.SZ
2312,300550.SZ
2313,300597.SZ
2314,601968.SH
2315,002023.SZ
2316,300020.SZ
2317,600081.SH
2318,002805.SZ
2319,601500.SH
2320,000550.SZ
2321,300269.SZ
2322,600369.SH
2323,600452.SH
2324,603283.SH
2325,603587.SH
2326,600751.SH
2327,300133.SZ
2328,300540.SZ
2329,300115.SZ
2330,300289.SZ
2331,603139.SH
2332,300697.SZ
2333,603605.SH
2334,603979.SH
2335,600367.SH
2336,600642.SH
2337,603638.SH
2338,300708.SZ
2339,000066.SZ
2340,600419.SH
2341,601212.SH
2342,002301.SZ
2343,300067.SZ
2344,002454.SZ
2345,000850.SZ
2346,300729.SZ
2347,000600.SZ
2348,603585.SH
2349,002494.SZ
2350,000652.SZ
2351,300387.SZ
2352,601126.SH
2353,300359.SZ
2354,601801.SH
2355,300004.SZ
2356,002321.SZ
2357,300175.SZ
2358,600831.SH
2359,300383.SZ
2360,603871.SH
2361,002159.SZ
2362,300260.SZ
2363,600252.SH
2364,002261.SZ
2365,600426.SH
2366,002211.SZ
2367,600000.SH
2368,300109.SZ
2369,000610.SZ
2370,002703.SZ
2371,600241.SH
2372,300552.SZ
2373,300429.SZ
2374,600060.SH
2375,601990.SH
2376,000333.SZ
2377,600622.SH
2378,603180.SH
2379,000686.SZ
2380,601366.SH
2381,600724.SH
2382,600525.SH
2383,002556.SZ
2384,000026.SZ
2385,600331.SH
2386,000425.SZ
2387,300120.SZ
2388,600308.SH
2389,300005.SZ
2390,300485.SZ
2391,300472.SZ
2392,603629.SH
2393,002395.SZ
2394,601619.SH
2395,000859.SZ
2396,002639.SZ
2397,601607.SH
2398,300424.SZ
2399,300522.SZ
2400,603035.SH
2401,601595.SH
2402,000679.SZ
2403,002328.SZ
2404,000671.SZ
2405,603019.SH
2406,300210.SZ
2407,002466.SZ
2408,300319.SZ
2409,300328.SZ
2410,600116.SH
2411,603538.SH
2412,603933.SH
2413,000798.SZ
2414,603128.SH
2415,000877.SZ
2416,600029.SH
2417,300025.SZ
2418,300091.SZ
2419,600884.SH
2420,600271.SH
2421,300247.SZ
2422,601886.SH
2423,603881.SH
2424,002883.SZ
2425,600051.SH
2426,002041.SZ
2427,002759.SZ
2428,600889.SH
2429,002517.SZ
2430,002415.SZ
2431,000060.SZ
2432,002533.SZ
2433,300263.SZ
2434,600435.SH
2435,603611.SH
2436,002295.SZ
2437,300337.SZ
2438,601311.SH
2439,600280.SH
2440,002014.SZ
2441,603776.SH
2442,000690.SZ
2443,002096.SZ
2444,002698.SZ
2445,300224.SZ
2446,000503.SZ
2447,002155.SZ
2448,000078.SZ
2449,002437.SZ
2450,002224.SZ
2451,002193.SZ
2452,300001.SZ
2453,600567.SH
2454,000998.SZ
2455,603098.SH
2456,600523.SH
2457,600850.SH
2458,300083.SZ
2459,600192.SH
2460,002176.SZ
2461,002346.SZ
2462,000547.SZ
2463,002884.SZ
2464,002382.SZ
2465,300057.SZ
2466,300174.SZ
2467,300240.SZ
2468,600662.SH
2469,300366.SZ
2470,002836.SZ
2471,603313.SH
2472,600237.SH
2473,002588.SZ
2474,603389.SH
2475,603991.SH
2476,300322.SZ
2477,300494.SZ
2478,000540.SZ
2479,002561.SZ
2480,600720.SH
2481,600232.SH
2482,600067.SH
2483,002356.SZ
2484,300294.SZ
2485,002742.SZ
2486,000045.SZ
2487,603506.SH
2488,300293.SZ
2489,601616.SH
2490,002578.SZ
2491,300631.SZ
2492,603810.SH
2493,002842.SZ
2494,603909.SH
2495,002384.SZ
2496,603665.SH
2497,000565.SZ
2498,002035.SZ
2499,300483.SZ
2500,002324.SZ
2501,603056.SH
2502,300335.SZ
2503,002815.SZ
2504,600651.SH
2505,600210.SH
2506,600826.SH
2507,002822.SZ
2508,600560.SH
2509,000776.SZ
2510,300725.SZ
2511,603050.SH
2512,300457.SZ
2513,600626.SH
2514,300149.SZ
2515,600563.SH
2516,603077.SH
2517,300267.SZ
2518,603166.SH
2519,000687.SZ
2520,002044.SZ
2521,002880.SZ
2522,300735.SZ
2523,300557.SZ
2524,600768.SH
2525,000596.SZ
2526,300679.SZ
2527,300254.SZ
2528,600743.SH
2529,002523.SZ
2530,600213.SH
2531,601515.SH
2532,601666.SH
2533,000812.SZ
2534,002180.SZ
2535,603021.SH
2536,603105.SH
2537,002911.SZ
2538,300104.SZ
2539,002463.SZ
2540,300308.SZ
2541,300435.SZ
2542,300205.SZ
2543,300687.SZ
2544,600021.SH
2545,600605.SH
2546,002100.SZ
2547,600818.SH
2548,300410.SZ
2549,002032.SZ
2550,002684.SZ
2551,603977.SH
2552,000573.SZ
2553,300157.SZ
2554,000931.SZ
2555,000519.SZ
2556,002878.SZ
2557,300566.SZ
2558,002666.SZ
2559,603903.SH
2560,000027.SZ
2561,300339.SZ
2562,300718.SZ
2563,002139.SZ
2564,002788.SZ
2565,600388.SH
2566,600322.SH
2567,300208.SZ
2568,002917.SZ
2569,300570.SZ
2570,000996.SZ
2571,002204.SZ
2572,002266.SZ
2573,002896.SZ
2574,600863.SH
2575,000630.SZ
2576,603045.SH
2577,002333.SZ
2578,601377.SH
2579,002432.SZ
2580,300377.SZ
2581,300514.SZ
2582,300351.SZ
2583,603365.SH
2584,603208.SH
2585,603030.SH
2586,002541.SZ
2587,002919.SZ
2588,300061.SZ
2589,300095.SZ
2590,603988.SH
2591,300745.SZ
2592,002508.SZ
2593,300682.SZ
2594,300689.SZ
2595,603826.SH
2596,300138.SZ
2597,300191.SZ
2598,603980.SH
2599,002409.SZ
2600,603029.SH
2601,603789.SH
2602,300144.SZ
2603,300222.SZ
2604,002360.SZ
2605,002245.SZ
2606,000017.SZ
2607,600731.SH
2608,600742.SH
2609,603259.SH
2610,300581.SZ
2611,600692.SH
2612,002721.SZ
2613,002236.SZ
2614,002290.SZ
2615,300197.SZ
2616,600824.SH
2617,002291.SZ
2618,002667.SZ
2619,300617.SZ
2620,000897.SZ
2621,000020.SZ
2622,000668.SZ
2623,000568.SZ
2624,300390.SZ
2625,603929.SH
2626,300644.SZ
2627,002141.SZ
2628,002235.SZ
2629,002430.SZ
2630,300624.SZ
2631,002142.SZ
2632,300448.SZ
2633,002191.SZ
2634,300618.SZ
2635,002937.SZ
2636,000999.SZ
2637,000488.SZ
2638,300127.SZ
2639,600037.SH
2640,300693.SZ
2641,002182.SZ
2642,603603.SH
2643,002714.SZ
2644,603926.SH
2645,300625.SZ
2646,300024.SZ
2647,300013.SZ
2648,002515.SZ
2649,300123.SZ
2650,002692.SZ
2651,002890.SZ
2652,002603.SZ
2653,002383.SZ
2654,300333.SZ
2655,002479.SZ
2656,002923.SZ
2657,300101.SZ
2658,600936.SH
2659,002635.SZ
2660,002918.SZ
2661,601179.SH
2662,002645.SZ
2663,600125.SH
2664,600143.SH
2665,600857.SH
2666,002443.SZ
2667,300037.SZ
2668,300375.SZ
2669,002642.SZ
2670,600036.SH
2671,002436.SZ
2672,000571.SZ
2673,300102.SZ
2674,300498.SZ
2675,601880.SH
2676,601677.SH
2677,002020.SZ
2678,603444.SH
2679,603869.SH
2680,600587.SH
2681,300195.SZ
2682,002118.SZ
2683,002262.SZ
2684,300447.SZ
2685,600590.SH
2686,300314.SZ
2687,002938.SZ
2688,000990.SZ
2689,002136.SZ
2690,601600.SH
2691,603416.SH
2692,002130.SZ
2693,002921.SZ
2694,603136.SH
2695,600382.SH
2696,600830.SH
2697,002858.SZ
2698,300475.SZ
2699,300171.SZ
2700,002045.SZ
2701,002726.SZ
2702,600649.SH
2703,002750.SZ
2704,600909.SH
2705,000096.SZ
2706,600621.SH
2707,603126.SH
2708,603386.SH
2709,002457.SZ
2710,601107.SH
2711,002288.SZ
2712,002524.SZ
2713,002699.SZ
2714,300561.SZ
2715,601811.SH
2716,300438.SZ
2717,600655.SH
2718,300573.SZ
2719,000153.SZ
2720,300686.SZ
2721,600738.SH
2722,002871.SZ
2723,002514.SZ
2724,300731.SZ
2725,300559.SZ
2726,000997.SZ
2727,601872.SH
2728,600327.SH
2729,000635.SZ
2730,600159.SH
2731,300703.SZ
2732,002042.SZ
2733,603600.SH
2734,000560.SZ
2735,300750.SZ
2736,002841.SZ
2737,002416.SZ
2738,002606.SZ
2739,300253.SZ
2740,600630.SH
2741,300113.SZ
2742,000848.SZ
2743,603886.SH
2744,600295.SH
2745,603777.SH
2746,000038.SZ
2747,002206.SZ
2748,600823.SH
2749,600987.SH
2750,600351.SH
2751,002276.SZ
2752,600736.SH
2753,600746.SH
2754,002319.SZ
2755,002005.SZ
2756,300154.SZ
2757,600186.SH
2758,002368.SZ
2759,603633.SH
2760,300463.SZ
2761,002530.SZ
2762,300421.SZ
2763,600175.SH
2764,603778.SH
2765,603878.SH
2766,603338.SH
2767,600557.SH
2768,000980.SZ
2769,002499.SZ
2770,600458.SH
2771,000975.SZ
2772,603116.SH
2773,002169.SZ
2774,600009.SH
2775,002327.SZ
2776,600975.SH
2777,600684.SH
2778,000016.SZ
2779,600126.SH
2780,600208.SH
2781,002186.SZ
2782,603008.SH
2783,002821.SZ
2784,601689.SH
2785,300699.SZ
2786,002213.SZ
2787,300476.SZ
2788,000065.SZ
2789,002148.SZ
2790,600093.SH
2791,600236.SH
2792,300741.SZ
2793,002426.SZ
2794,002078.SZ
2795,601001.SH
2796,000819.SZ
2797,601949.SH
2798,002555.SZ
2799,300010.SZ
2800,002658.SZ
2801,000802.SZ
2802,002760.SZ
2803,000592.SZ
2804,300114.SZ
2805,300543.SZ
2806,600995.SH
2807,000407.SZ
2808,002255.SZ
2809,002348.SZ
2810,600741.SH
2811,002171.SZ
2812,002352.SZ
2813,600495.SH
2814,603337.SH
2815,601216.SH
2816,002341.SZ
2817,002161.SZ
2818,002610.SZ
2819,002562.SZ
2820,600366.SH
2821,600839.SH
2822,603668.SH
2823,300038.SZ
2824,600893.SH
2825,300284.SZ
2826,002502.SZ
2827,002773.SZ
2828,002901.SZ
2829,000566.SZ
2830,002470.SZ
2831,002706.SZ
2832,300603.SZ
2833,300607.SZ
2834,002867.SZ
2835,600488.SH
2836,002512.SZ
2837,600982.SH
2838,603876.SH
2839,000682.SZ
2840,300639.SZ
2841,002664.SZ
2842,603520.SH
2843,603997.SH
2844,600648.SH
2845,002881.SZ
2846,002146.SZ
2847,603718.SH
2848,000601.SZ
2849,603359.SH
2850,603920.SH
2851,601008.SH
2852,603558.SH
2853,002425.SZ
2854,300352.SZ
2855,300599.SZ
2856,000883.SZ
2857,601899.SH
2858,002195.SZ
2859,601330.SH
2860,300135.SZ
2861,002107.SZ
2862,002705.SZ
2863,300364.SZ
2864,603729.SH
2865,002700.SZ
2866,600004.SH
2867,603803.SH
2868,300516.SZ
2869,300638.SZ
2870,300562.SZ
2871,600033.SH
2872,002796.SZ
2873,000528.SZ
2874,603333.SH
2875,600992.SH
2876,000796.SZ
2877,000811.SZ
2878,600396.SH
2879,603959.SH
2880,603536.SH
2881,600814.SH
2882,002462.SZ
2883,300606.SZ
2884,002090.SZ
2885,300709.SZ
2886,002851.SZ
2887,601019.SH
2888,002418.SZ
2889,002652.SZ
2890,300702.SZ
2891,300215.SZ
2892,001914.SZ
2893,600420.SH
2894,002380.SZ
2895,603227.SH
2896,603822.SH
2897,300465.SZ
2898,002393.SZ
2899,300582.SZ
2900,002441.SZ
2901,000718.SZ
2902,002838.SZ
2903,603766.SH
2904,002775.SZ
2905,000738.SZ
2906,000608.SZ
2907,000966.SZ
2908,603458.SH
2909,002347.SZ
2910,300049.SZ
2911,000723.SZ
2912,000627.SZ
2913,603917.SH
2914,000006.SZ
2915,002481.SZ
2916,000554.SZ
2917,603027.SH
2918,603589.SH
2919,603288.SH
2920,002902.SZ
2921,002325.SZ
2922,600515.SH
2923,002190.SZ
2924,002649.SZ
2925,002286.SZ
2926,600797.SH
2927,601326.SH
2928,603200.SH
2929,603303.SH
2930,603858.SH
2931,000961.SZ
2932,002152.SZ
2933,300043.SZ
2934,600076.SH
2935,600653.SH
2936,600505.SH
2937,300590.SZ
2938,300615.SZ
2939,300118.SZ
2940,300684.SZ
2941,000970.SZ
2942,002115.SZ
2943,300430.SZ
2944,300167.SZ
2945,002532.SZ
2946,300246.SZ
2947,300011.SZ
2948,601328.SH
2949,600789.SH
2950,300291.SZ
2951,300232.SZ
2952,603699.SH
2953,300233.SZ
2954,002887.SZ
2955,002719.SZ
2956,600990.SH
2957,601898.SH
2958,002644.SZ
2959,603586.SH
2960,000563.SZ
2961,000923.SZ
2962,300707.SZ
2963,300651.SZ
2964,600266.SH
2965,600405.SH
2966,300320.SZ
2967,300370.SZ
2968,002800.SZ
2969,300647.SZ
2970,603305.SH
2971,000721.SZ
2972,002731.SZ
2973,603059.SH
2974,000538.SZ
2975,000025.SZ
2976,600804.SH
2977,002717.SZ
2978,603117.SH
2979,603165.SH
2980,300295.SZ
2981,002477.SZ
2982,300085.SZ
2983,603110.SH
2984,002433.SZ
2985,603709.SH
2986,000517.SZ
2987,300553.SZ
2988,603033.SH
2989,603042.SH
2990,300668.SZ
2991,603118.SH
2992,002013.SZ
2993,300411.SZ
2994,603516.SH
2995,300442.SZ
2996,601108.SH
2997,600518.SH
2998,300276.SZ
2999,600400.SH
3000,600664.SH
3001,300441.SZ
3002,300588.SZ
3003,600702.SH
3004,000400.SZ
3005,002716.SZ
3006,300354.SZ
3007,603106.SH
3008,300282.SZ
3009,002214.SZ
3010,300330.SZ
3011,300712.SZ
3012,600875.SH
3013,300130.SZ
3014,600616.SH
3015,603012.SH
3016,603689.SH
3017,600129.SH
3018,002527.SZ
3019,000531.SZ
3020,603358.SH
3021,600114.SH
3022,603383.SH
3023,600330.SH
3024,300454.SZ
3025,002930.SZ
3026,600643.SH
3027,603657.SH
3028,600429.SH
3029,603335.SH
3030,000417.SZ
3031,001965.SZ
3032,002594.SZ
3033,002329.SZ
3034,300084.SZ
3035,603877.SH
3036,601567.SH
3037,600303.SH
3038,300297.SZ
3039,300231.SZ
3040,603768.SH
3041,600663.SH
3042,002388.SZ
3043,002843.SZ
3044,000836.SZ
3045,300002.SZ
3046,300669.SZ
3047,002518.SZ
3048,000762.SZ
3049,300226.SZ
3050,002442.SZ
3051,300106.SZ
3052,600816.SH
3053,601058.SH
3054,601699.SH
3055,603883.SH
3056,002471.SZ
3057,603725.SH
3058,603222.SH
3059,601928.SH
3060,603568.SH
3061,603722.SH
3062,300423.SZ
3063,603377.SH
3064,002611.SZ
3065,002422.SZ
3066,300621.SZ
3067,600513.SH
3068,600612.SH
3069,600006.SH
3070,300031.SZ
3071,002237.SZ
3072,002646.SZ
3073,600038.SH
3074,600548.SH
3075,600477.SH
3076,300676.SZ
3077,300288.SZ
3078,603618.SH
3079,002793.SZ
3080,600623.SH
3081,002054.SZ
3082,002208.SZ
3083,002787.SZ
3084,300009.SZ
3085,600476.SH
3086,002829.SZ
3087,601618.SH
3088,002424.SZ
3089,300649.SZ
3090,601007.SH
3091,600469.SH
3092,002089.SZ
3093,603818.SH
3094,603421.SH
3095,600325.SH
3096,300560.SZ
3097,601162.SH
3098,000069.SZ
3099,002765.SZ
3100,002455.SZ
3101,300705.SZ
3102,600012.SH
3103,601006.SH
3104,603848.SH
3105,600535.SH
3106,002789.SZ
3107,603268.SH
3108,300349.SZ
3109,300634.SZ
3110,300579.SZ
3111,601718.SH
3112,603387.SH
3113,002695.SZ
3114,600652.SH
3115,603138.SH
3116,002057.SZ
3117,002943.SZ
3118,000739.SZ
3119,300217.SZ
3120,600522.SH
3121,000055.SZ
3122,002846.SZ
3123,002326.SZ
3124,002632.SZ
3125,002612.SZ
3126,600151.SH
3127,300230.SZ
3128,002491.SZ
3129,601878.SH
3130,300520.SZ
3131,002535.SZ
3132,600120.SH
3133,603966.SH
3134,600843.SH
3135,002316.SZ
3136,002073.SZ
3137,600011.SH
3138,002537.SZ
3139,002817.SZ
3140,000915.SZ
3141,300565.SZ
3142,600589.SH
3143,601390.SH
3144,300350.SZ
3145,603133.SH
3146,300536.SZ
3147,002216.SZ
3148,600039.SH
3149,002116.SZ
3150,000532.SZ
3151,002510.SZ
3152,600694.SH
3153,002088.SZ
3154,600681.SH
3155,300365.SZ
3156,000930.SZ
3157,600901.SH
3158,300041.SZ
3159,600320.SH
3160,600259.SH
3161,002467.SZ
3162,002428.SZ
3163,600269.SH
3164,300555.SZ
3165,300058.SZ
3166,600165.SH
3167,300396.SZ
3168,600363.SH
3169,603680.SH
3170,300742.SZ
3171,603058.SH
3172,300691.SZ
3173,002772.SZ
3174,002580.SZ
3175,600292.SH
3176,603368.SH
3177,002885.SZ
3178,603005.SH
3179,000062.SZ
3180,002135.SZ
3181,002282.SZ
3182,600428.SH
3183,600865.SH
3184,300518.SZ
3185,603928.SH
3186,600595.SH
3187,300313.SZ
3188,603080.SH
3189,600255.SH
3190,601838.SH
3191,300360.SZ
3192,603819.SH
3193,300211.SZ
3194,603183.SH
3195,603277.SH
3196,600109.SH
3197,600338.SH
3198,000826.SZ
3199,601766.SH
3200,000678.SZ
